{
  "metadata": {
    "manifest_count": 1,
    "document_count": 6,
    "scale_readiness": "Sample-scale"
  },
  "idf": {
    "displeasing": 2.252762968495368,
    "from": 2.252762968495368,
    "five": 2.252762968495368,
    "is": 1.336472236621213,
    "with": 1.1541506798272583,
    "death": 2.252762968495368,
    "aging": 2.252762968495368,
    "dhamma": 1.0,
    "union": 2.252762968495368,
    "what": 2.252762968495368,
    "verse": 1.0,
    "dukkha": 2.252762968495368,
    "brief": 2.252762968495368,
    "1.1": 2.252762968495368,
    "pleasing": 2.252762968495368,
    "are": 1.5596157879354227,
    "illness": 2.252762968495368,
    "separation": 2.252762968495368,
    "chapter": 1.0,
    "aggregates": 2.252762968495368,
    "1": 1.1541506798272583,
    "in": 1.8472978603872037,
    "birth": 2.252762968495368,
    "suffering": 1.5596157879354227,
    "buddhist": 1.0,
    "the": 1.0,
    "path": 1.8472978603872037,
    "to": 1.336472236621213,
    "self": 1.8472978603872037,
    "this": 1.336472236621213,
    "sees": 1.8472978603872037,
    "wisdom": 1.8472978603872037,
    "when": 1.5596157879354227,
    "becomes": 1.8472978603872037,
    "one": 1.8472978603872037,
    "disenchanted": 1.8472978603872037,
    "without": 1.8472978603872037,
    "1.2": 2.252762968495368,
    "all": 1.5596157879354227,
    "phenomena": 2.252762968495368,
    "anatta": 2.252762968495368,
    "purification": 1.8472978603872037,
    "2": 1.5596157879354227,
    "exist": 2.252762968495368,
    "1.3": 2.252762968495368,
    "cessation": 2.252762968495368,
    "exists": 2.252762968495368,
    "comes": 2.252762968495368,
    "of": 1.5596157879354227,
    "come": 2.252762968495368,
    "arises": 2.252762968495368,
    "ceases": 2.252762968495368,
    "be": 1.5596157879354227,
    "not": 1.8472978603872037,
    "paticcasamuppada": 2.252762968495368,
    "3": 2.252762968495368,
    "that": 2.252762968495368,
    "does": 2.252762968495368,
    "arising": 2.252762968495368,
    "1.4": 2.252762968495368,
    "towards": 2.252762968495368,
    "extremes": 2.252762968495368,
    "veering": 2.252762968495368,
    "tathagata": 2.252762968495368,
    "monks": 2.252762968495368,
    "majjhima": 2.252762968495368,
    "4": 2.252762968495368,
    "pleasures": 2.252762968495368,
    "and": 2.252762968495368,
    "devotion": 2.252762968495368,
    "two": 2.252762968495368,
    "pleasure": 2.252762968495368,
    "indulgence": 2.252762968495368,
    "has": 2.252762968495368,
    "mortification": 2.252762968495368,
    "practiced": 2.252762968495368,
    "way": 2.252762968495368,
    "awakened": 2.252762968495368,
    "should": 2.252762968495368,
    "either": 2.252762968495368,
    "these": 2.252762968495368,
    "patipada": 2.252762968495368,
    "middle": 2.252762968495368,
    "sensual": 2.252762968495368,
    "practice": 2.252762968495368,
    "live": 2.252762968495368,
    "kindness": 2.252762968495368,
    "2.1": 2.252762968495368,
    "beings": 2.252762968495368,
    "sentient": 2.252762968495368,
    "safe": 2.252762968495368,
    "may": 2.252762968495368,
    "metta": 2.252762968495368,
    "ease": 2.252762968495368,
    "loving": 2.252762968495368,
    "for": 2.252762968495368,
    "healthy": 2.252762968495368,
    "happy": 2.252762968495368,
    "impermanent": 2.252762968495368,
    "conditioned": 2.252762968495368,
    "anicca": 2.252762968495368,
    "things": 2.252762968495368,
    "2.2": 2.252762968495368
  },
  "documents": [
    {
      "id": "buddhist_dhamma_1.1",
      "ref": "1.1",
      "chapter": 1,
      "sanskrit": "Dukkha",
      "transliteration": "",
      "text": "Birth is suffering, aging is suffering, illness is suffering, death is suffering, union with what is displeasing is suffering, separation from what is pleasing is suffering. In brief, the five aggregates are suffering.",
      "vector": {
        "buddhist": 0.2585358204526914,
        "dhamma": 0.2585358204526914,
        "chapter": 0.2350325640479013,
        "1": 0.5425259871548578,
        "verse": 0.2350325640479013,
        "1.1": 0.5294726566776279,
        "dukkha": 0.05294726566776278,
        "birth": 0.05294726566776278,
        "is": 0.2512915972415337,
        "suffering": 0.2565923482976352,
        "aging": 0.05294726566776278,
        "illness": 0.05294726566776278,
        "death": 0.05294726566776278,
        "union": 0.05294726566776278,
        "with": 0.02712629935774289,
        "what": 0.10589453133552557,
        "displeasing": 0.05294726566776278,
        "separation": 0.05294726566776278,
        "from": 0.05294726566776278,
        "pleasing": 0.05294726566776278,
        "in": 0.04341751526870065,
        "brief": 0.05294726566776278,
        "the": 0.023503256404790132,
        "five": 0.05294726566776278,
        "aggregates": 0.05294726566776278,
        "are": 0.03665604975680503
      }
    },
    {
      "id": "buddhist_dhamma_1.2",
      "ref": "1.2",
      "chapter": 1,
      "sanskrit": "Anatta",
      "transliteration": "",
      "text": "All phenomena are without self (anatta). When one sees this with wisdom, one becomes disenchanted with suffering. This is the path to purification.",
      "vector": {
        "buddhist": 0.29200838932723727,
        "dhamma": 0.29200838932723727,
        "chapter": 0.26546217211567025,
        "1": 0.3063833464157214,
        "verse": 0.26546217211567025,
        "2": 0.4140189947312298,
        "1.2": 0.5980233508785255,
        "anatta": 0.11960467017570511,
        "all": 0.04140189947312298,
        "phenomena": 0.05980233508785256,
        "are": 0.04140189947312298,
        "without": 0.04903877025630172,
        "self": 0.04903877025630172,
        "when": 0.04140189947312298,
        "one": 0.09807754051260344,
        "sees": 0.04903877025630172,
        "this": 0.07095656458115103,
        "with": 0.061276669283144285,
        "wisdom": 0.04903877025630172,
        "becomes": 0.04903877025630172,
        "disenchanted": 0.04903877025630172,
        "suffering": 0.04140189947312298,
        "is": 0.035478282290575515,
        "the": 0.02654621721156702,
        "path": 0.04903877025630172,
        "to": 0.035478282290575515,
        "purification": 0.04903877025630172
      }
    },
    {
      "id": "buddhist_dhamma_1.3",
      "ref": "1.3",
      "chapter": 1,
      "sanskrit": "Paticcasamuppada",
      "transliteration": "",
      "text": "When this exists, that comes to be. With the arising of this, that arises. When this does not exist, that does not come to be. With the cessation of this, that ceases.",
      "vector": {
        "buddhist": 0.2574723154154152,
        "dhamma": 0.2574723154154152,
        "chapter": 0.2340657412867411,
        "1": 0.27014713443036337,
        "verse": 0.2340657412867411,
        "3": 0.5272946341641878,
        "1.3": 0.5272946341641878,
        "paticcasamuppada": 0.05272946341641877,
        "when": 0.0730105251051219,
        "this": 0.12512894590955723,
        "exists": 0.05272946341641877,
        "that": 0.2109178536656751,
        "comes": 0.05272946341641877,
        "to": 0.06256447295477861,
        "be": 0.0730105251051219,
        "with": 0.05402942688607268,
        "the": 0.04681314825734822,
        "arising": 0.05272946341641877,
        "of": 0.0730105251051219,
        "arises": 0.05272946341641877,
        "does": 0.10545892683283754,
        "not": 0.08647782861378832,
        "exist": 0.05272946341641877,
        "come": 0.05272946341641877,
        "cessation": 0.05272946341641877,
        "ceases": 0.05272946341641877
      }
    },
    {
      "id": "buddhist_dhamma_1.4",
      "ref": "1.4",
      "chapter": 1,
      "sanskrit": "Majjhima Patipada",
      "transliteration": "",
      "text": "Monks, these two extremes should not be practiced: devotion to indulgence of pleasure in sensual pleasures, and devotion to self-mortification. Without veering towards either, the Tathagata has awakened to the middle way.",