{
  "idf": {
    "o": 1.0,
    "saibhan": 1.4054651081081644,
    "creative": 1.4054651081081644,
    "unborn": 1.4054651081081644,
    "the": 1.0,
    "ik": 1.4054651081081644,
    "pauri": 1.0,
    "universal": 1.4054651081081644,
    "being": 1.4054651081081644,
    "by": 1.4054651081081644,
    "guru": 1.4054651081081644,
    "ajoonee": 1.4054651081081644,
    "॥": 1.0,
    "japji": 1.0,
    "naam": 1.4054651081081644,
    "purakh": 1.4054651081081644,
    "moorat": 1.4054651081081644,
    "nirbha": 1.4054651081081644,
    "gur": 1.4054651081081644,
    "sahib": 1.0,
    "akaal": 1.4054651081081644,
    "gurbani": 1.0,
    "onkaar": 1.4054651081081644,
    "line": 1.0,
    "timeless": 1.4054651081081644,
    "true": 1.0,
    "name": 1.4054651081081644,
    "without": 1.4054651081081644,
    "creator": 1.4054651081081644,
    "1.1": 1.4054651081081644,
    "grace": 1.4054651081081644,
    "nirvair": 1.4054651081081644,
    "fear": 1.4054651081081644,
    "image": 1.4054651081081644,
    "1": 1.0,
    "existent": 1.4054651081081644,
    "hatred": 1.4054651081081644,
    "kartaa": 1.4054651081081644,
    "one": 1.4054651081081644,
    "god": 1.4054651081081644,
    "self": 1.4054651081081644,
    "shabad": 1.0,
    "prasaad": 1.4054651081081644,
    "s": 1.4054651081081644,
    "sat": 1.4054651081081644,
    "1.2": 1.4054651081081644,
    "moment": 1.4054651081081644,
    "meditate": 1.4054651081081644,
    "bhee": 1.4054651081081644,
    "jap": 1.4054651081081644,
    "naanak": 1.4054651081081644,
    "present": 1.4054651081081644,
    "in": 1.4054651081081644,
    "aad": 1.4054651081081644,
    "nanak": 1.4054651081081644,
    "2": 1.4054651081081644,
    "beginning": 1.4054651081081644,
    "jugaad": 1.4054651081081644,
    "sach": 1.4054651081081644,
    "hai": 1.4054651081081644,
    "primal": 1.4054651081081644,
    "hosee": 1.4054651081081644,
    "forevermore": 1.4054651081081644
  },
  "documents": [
    {
      "id": "sikh_gurbani_japji_1.1",
      "ref": "1.1",
      "chapter": 1,
      "original": "ੴ ਸਤਿ ਨਾਮੁ ਕਰਤਾ ਪੁਰਖੁ ਨਿਰਭਉ ਨਿਰਵੈਰੁ ਅਕਾਲ ਮੂਰਤਿ ਅਜੂਨੀ ਸੈਭੰ ਗੁਰ ਪ੍ਰਸਾਦਿ ॥",
      "transliteration": "ik-oNkaar sat naam kartaa purakh nirbha-o nirvair akaal moorat ajoonee saibhaN gur prasaad.",
      "text": "One Universal Creator God, The True Name, The Creative Being, Without Fear, Without Hatred, Timeless Image, Unborn, Self-Existent, By Guru's Grace.",
      "vector": {
        "shabad": 0.31965931932602454,
        "pauri": 0.31965931932602454,
        "1": 0.6393186386520491,
        "line": 0.31965931932602454,
        "1.1": 0.44927001979433334,
        "gurbani": 0.03196593193260246,
        "japji": 0.03196593193260246,
        "sahib": 0.03196593193260246,
        "॥": 0.03196593193260246,
        "ik": 0.044927001979433334,
        "onkaar": 0.044927001979433334,
        "sat": 0.044927001979433334,
        "naam": 0.044927001979433334,
        "kartaa": 0.044927001979433334,
        "purakh": 0.044927001979433334,
        "nirbha": 0.044927001979433334,
        "o": 0.03196593193260246,
        "nirvair": 0.044927001979433334,
        "akaal": 0.044927001979433334,
        "moorat": 0.044927001979433334,
        "ajoonee": 0.044927001979433334,
        "saibhan": 0.044927001979433334,
        "gur": 0.044927001979433334,
        "prasaad": 0.044927001979433334,
        "one": 0.044927001979433334,
        "universal": 0.044927001979433334,
        "creator": 0.044927001979433334,
        "god": 0.044927001979433334,
        "the": 0.06393186386520491,
        "true": 0.03196593193260246,
        "name": 0.044927001979433334,
        "creative": 0.044927001979433334,
        "being": 0.044927001979433334,
        "without": 0.08985400395886667,
        "fear": 0.044927001979433334,
        "hatred": 0.044927001979433334,
        "timeless": 0.044927001979433334,
        "image": 0.044927001979433334,
        "unborn": 0.044927001979433334,
        "self": 0.044927001979433334,
        "existent": 0.044927001979433334,
        "by": 0.044927001979433334,
        "guru": 0.044927001979433334,
        "s": 0.044927001979433334,
        "grace": 0.044927001979433334
      }
    },
    {
      "id": "sikh_gurbani_japji_1.2",
      "ref": "1.2",
      "chapter": 1,
      "original": "ਜਪੁ ॥ ਆਦਿ ਸਚੁ ਜੁਗਾਦਿ ਸਚੁ ॥ ਹੈ ਭੀ ਸਚੁ ਨਾਨਕ ਹੋਸੀ ਭੀ ਸਚੁ ॥੧॥",
      "transliteration": "Jap. Aad sach jugaad sach. Hai bhee sach naanak hosee bhee sach. ||1||",
      "text": "Meditate. True in the beginning, True in the primal beginning. True in the present moment, O Nanak, True Forevermore. ||1||",
      "vector": {
        "shabad": 0.3205924677707485,
        "pauri": 0.3205924677707485,
        "1": 0.3847109613248982,
        "line": 0.3205924677707485,
        "2": 0.45058152737407825,
        "1.2": 0.45058152737407825,
        "gurbani": 0.03205924677707485,
        "japji": 0.03205924677707485,
        "sahib": 0.03205924677707485,
        "॥": 0.1282369871082994,
        "jap": 0.045058152737407826,
        "aad": 0.045058152737407826,
        "sach": 0.1802326109496313,
        "jugaad": 0.045058152737407826,
        "hai": 0.045058152737407826,
        "bhee": 0.09011630547481565,
        "naanak": 0.045058152737407826,
        "hosee": 0.045058152737407826,
        "meditate": 0.045058152737407826,
        "true": 0.1282369871082994,
        "in": 0.13517445821222346,
        "the": 0.09617774033122455,
        "beginning": 0.09011630547481565,
        "primal": 0.045058152737407826,
        "present": 0.045058152737407826,
        "moment": 0.045058152737407826,
        "o": 0.03205924677707485,
        "nanak": 0.045058152737407826,
        "forevermore": 0.045058152737407826
      }
    }
  ]
}