{
  "metadata": {
    "manifest_count": 3,
    "document_count": 8,
    "scale_readiness": "Sample-scale"
  },
  "idf": {
    "to": 1.587786664902119,
    "thought": 2.504077396776274,
    "this": 2.09861228866811,
    "is": 1.4054651081081644,
    "practices": 2.504077396776274,
    "live": 2.504077396776274,
    "who": 2.504077396776274,
    "supreme": 2.504077396776274,
    "jain": 1.0,
    "truly": 2.504077396776274,
    "wish": 2.504077396776274,
    "beings": 2.504077396776274,
    "living": 2.504077396776274,
    "and": 1.1177830356563834,
    "dhamma": 2.504077396776274,
    "verse": 1.0,
    "recognizing": 2.504077396776274,
    "injury": 2.504077396776274,
    "1.1": 1.8109302162163288,
    "one": 1.8109302162163288,
    "knows": 2.504077396776274,
    "violence": 2.09861228866811,
    "paramo": 2.504077396776274,
    "deed": 2.504077396776274,
    "non": 1.8109302162163288,
    "religion": 2.504077396776274,
    "die": 2.504077396776274,
    "none": 2.504077396776274,
    "all": 2.09861228866811,
    "chapter": 1.0,
    "dharma": 1.0,
    "desire": 2.504077396776274,
    "1": 1.1177830356563834,
    "in": 2.504077396776274,
    "toward": 2.504077396776274,
    "ahimsa": 2.09861228866811,
    "the": 1.0,
    "word": 2.504077396776274,
    "reality": 2.504077396776274,
    "from": 2.09861228866811,
    "capture": 2.504077396776274,
    "full": 2.504077396776274,
    "complex": 2.504077396776274,
    "holds": 2.504077396776274,
    "exists": 2.504077396776274,
    "it": 2.504077396776274,
    "anekantavada": 2.504077396776274,
    "single": 2.504077396776274,
    "doctrine": 2.504077396776274,
    "of": 1.587786664902119,
    "perspective": 2.504077396776274,
    "truth": 2.09861228866811,
    "1.2": 2.504077396776274,
    "a": 2.09861228866811,
    "no": 2.504077396776274,
    "many": 2.504077396776274,
    "not": 2.504077396776274,
    "thing": 2.504077396776274,
    "another": 2.504077396776274,
    "can": 2.504077396776274,
    "that": 2.09861228866811,
    "sidedness": 2.504077396776274,
    "does": 2.504077396776274,
    "2": 1.8109302162163288,
    "ratnatraya": 2.504077396776274,
    "darshana": 2.504077396776274,
    "1.3": 2.504077396776274,
    "through": 2.09861228866811,
    "must": 2.504077396776274,
    "jnana": 2.504077396776274,
    "right": 1.8109302162163288,
    "attained": 2.504077396776274,
    "jewels": 2.504077396776274,
    "conduct": 1.8109302162163288,
    "moksha": 2.504077396776274,
    "cultivated": 2.504077396776274,
    "be": 2.504077396776274,
    "three": 2.504077396776274,
    "faith": 2.09861228866811,
    "samyak": 2.504077396776274,
    "3": 2.504077396776274,
    "knowledge": 2.09861228866811,
    "together": 2.504077396776274,
    "charitra": 2.504077396776274,
    "liberation": 2.09861228866811,
    "1.4": 2.504077396776274,
    "distinct": 2.504077396776274,
    "shed": 2.504077396776274,
    "4": 2.504077396776274,
    "soul": 2.09861228866811,
    "clings": 2.504077396776274,
    "new": 2.504077396776274,
    "jiva": 2.504077396776274,
    "attachment": 2.504077396776274,
    "karma": 2.504077396776274,
    "ajiva": 2.504077396776274,
    "influx": 2.504077396776274,
    "existing": 2.504077396776274,
    "stopped": 2.504077396776274,
    "matter": 2.504077396776274,
    "fine": 2.504077396776274,
    "brahmacharya": 2.504077396776274,
    "purify": 2.504077396776274,
    "five": 2.504077396776274,
    "vows": 2.504077396776274,
    "aparigraha": 2.504077396776274,
    "2.1": 2.504077396776274,
    "celibacy": 2.504077396776274,
    "monastics": 2.504077396776274,
    "are": 2.504077396776274,
    "mahavrata": 2.504077396776274,
    "stealing": 2.504077396776274,
    "asteya": 2.504077396776274,
    "these": 2.504077396776274,
    "possession": 2.504077396776274,
    "great": 2.504077396776274,
    "satya": 2.504077396776274,
    "blame": 2.504077396776274,
    "self": 2.504077396776274,
    "with": 2.504077396776274,
    "pain": 2.504077396776274,
    "essence": 2.504077396776274,
    "praise": 2.504077396776274,
    "equal": 2.504077396776274,
    "mastery": 2.504077396776274,
    "composure": 2.504077396776274,
    "pleasure": 2.504077396776274,
    "wise": 2.504077396776274,
    "equanimity": 2.504077396776274,
    "gain": 2.504077396776274,
    "loss": 2.504077396776274,
    "highest": 2.504077396776274,
    "samata": 2.504077396776274,
    "treats": 2.504077396776274,
    "ethics": 2.504077396776274,
    "2.2": 2.504077396776274,
    "arihant": 2.504077396776274,
    "arihants": 2.504077396776274,
    "obeisance": 2.504077396776274,
    "conquerors": 2.504077396776274,
    "namo": 2.504077396776274,
    "mok": 2.504077396776274,
    "path": 2.504077396776274,
    "मोक्षमार्गः": 2.504077396776274,
    "nac": 2.504077396776274,
    "i": 2.504077396776274,
    "ritr": 2.504077396776274,
    "samyagdar": 2.504077396776274,
    "rga": 2.504077396776274,
    "constitute": 2.504077396776274,
    "anaj": 2.504077396776274,
    "सम्यग्दर्शनज्ञानचारित्राणि": 2.504077396776274,
    "am": 2.504077396776274
  },
  "documents": [
    {
      "id": "jain_dharma_1.1",
      "ref": "1.1",
      "chapter": 1,
      "sanskrit": "Ahimsa paramo dharma",
      "transliteration": "",
      "text": "Non-violence is the supreme religion. All beings desire to live; none wish to die. Recognizing this, one who truly knows the Dhamma practices non-injury in thought, word, and deed toward all living beings.",
      "vector": {
        "jain": 0.28270087669858207,
        "dharma": 0.30840095639845316,
        "chapter": 0.257000796998711,
        "1": 0.5745422620706583,
        "verse": 0.257000796998711,
        "1.1": 0.46541050887664454,
        "ahimsa": 0.05393450307789932,
        "paramo": 0.064354988671796,
        "non": 0.0930821017753289,
        "violence": 0.05393450307789932,
        "is": 0.036120565293767774,
        "the": 0.0514001593997422,
        "supreme": 0.064354988671796,
        "religion": 0.064354988671796,
        "all": 0.10786900615579864,
        "beings": 0.128709977343592,
        "desire": 0.064354988671796,
        "to": 0.08161248766875397,
        "live": 0.064354988671796,
        "none": 0.064354988671796,
        "wish": 0.064354988671796,
        "die": 0.064354988671796,
        "recognizing": 0.064354988671796,
        "this": 0.05393450307789932,
        "one": 0.04654105088766445,
        "who": 0.064354988671796,
        "truly": 0.064354988671796,
        "knows": 0.064354988671796,
        "dhamma": 0.064354988671796,
        "practices": 0.064354988671796,
        "injury": 0.064354988671796,
        "in": 0.064354988671796,
        "thought": 0.064354988671796,
        "word": 0.064354988671796,
        "and": 0.02872711310353291,
        "deed": 0.064354988671796,
        "toward": 0.064354988671796,
        "living": 0.064354988671796
      }
    },
    {
      "id": "jain_dharma_1.2",
      "ref": "1.2",
      "chapter": 1,
      "sanskrit": "Anekantavada",
      "transliteration": "",
      "text": "Anekantavada — the doctrine of many-sidedness — holds that reality is complex and no single perspective can capture the full truth. From one perspective a thing exists; from another it does not.",
      "vector": {
        "jain": 0.2650374901892315,
        "dharma": 0.2650374901892315,
        "chapter": 0.2409431728993014,
        "1": 0.269322191224062,
        "verse": 0.2409431728993014,
        "2": 0.43633127219438017,
        "1.2": 0.6033403531646984,
        "anekantavada": 0.12066807063293968,
        "the": 0.04818863457986028,
        "doctrine": 0.06033403531646984,
        "of": 0.03825663569287164,
        "many": 0.06033403531646984,
        "sidedness": 0.06033403531646984,
        "holds": 0.06033403531646984,
        "that": 0.050564630351715906,
        "reality": 0.06033403531646984,
        "is": 0.03386372225468408,
        "complex": 0.06033403531646984,
        "and": 0.026932219122406197,
        "no": 0.06033403531646984,